Vd,Id,Ig,Vg
0,-2.6E-13,-1.26E-12,0
1,7.8986E-11,-8.029E-12,0
2,1.52148E-10,-1.8139E-11,0
3,1.79832E-10,-2.1154E-11,0
4,2.08722E-10,-2.2093E-11,0
5,2.11053E-10,-2.1725E-11,0
6,2.38236E-10,-2.1313E-11,0
7,2.73785E-10,-2.0566E-11,0
8,3.60398E-10,-2.0173E-11,0
9,4.08203E-10,-2.0855E-11,0
10,4.61832E-10,-2.1653E-11,0
11,5.24821E-10,-2.0722E-11,0
12,5.89369E-10,-2.0172E-11,0
13,7.33041E-10,-2.0712E-11,0
14,7.61012E-10,-2.0735E-11,0
15,8.8172E-10,-2.1125E-11,0
16,8.6582E-10,-2.2972E-11,0
17,8.4991E-10,-2.2006E-11,0
18,8.9398E-10,-2.0683E-11,0
19,9.0526E-10,-2.1835E-11,0
20,1.06358E-09,-2.1506E-11,0
21,1.12877E-09,-2.2289E-11,0
22,1.10158E-09,-2.2696E-11,0
23,1.19361E-09,-2.0856E-11,0
24,1.44282E-09,-2.1308E-11,0
25,1.41336E-09,-2.3004E-11,0
26,1.54387E-09,-2.2342E-11,0
27,1.57176E-09,-2.267E-11,0
28,1.9035E-09,-2.2971E-11,0
29,2.05101E-09,-2.2664E-11,0
30,2.18046E-09,-2.2414E-11,0
29,9.00243E-10,-1.214E-12,0
28,5.90194E-10,5.623E-12,0
27,4.74256E-10,1.1943E-11,0
26,4.60608E-10,1.503E-11,0
25,4.52241E-10,1.7046E-11,0
24,4.50187E-10,1.7438E-11,0
23,6.75096E-10,1.8077E-11,0
22,5.78988E-10,1.7468E-11,0
21,5.15817E-10,1.7371E-11,0
20,6.17233E-10,1.7285E-11,0
19,6.64498E-10,1.7407E-11,0
18,5.89773E-10,1.7428E-11,0
17,1.4234E-09,1.7752E-11,0
16,7.00214E-10,1.1993E-11,0
15,7.94682E-10,1.6436E-11,0
14,5.53057E-10,1.4988E-11,0
13,7.29858E-10,1.632E-11,0
12,7.37186E-10,1.7836E-11,0
11,7.59691E-10,1.9151E-11,0
10,7.5187E-10,1.8264E-11,0
9,9.01486E-10,1.7843E-11,0
8,1.07494E-09,1.9179E-11,0
7,9.06444E-10,1.704E-11,0
6,1.75388E-09,1.9344E-11,0
5,1.708E-09,1.3275E-11,0
4,8.59274E-10,1.2765E-11,0
3,7.27815E-10,1.7993E-11,0
2,5.8919E-10,1.9984E-11,0
1,3.31992E-10,2.0447E-11,0
0,-6.106E-12,2.0589E-11,0
0,-6.2892E-11,-4.3E-13,5
1,1.23755E-06,-1.561E-12,5
2,2.45184E-06,-8.577E-12,5
3,3.24494E-06,-1.9152E-11,5
4,3.69081E-06,-2.2136E-11,5
5,3.86928E-06,-2.4107E-11,5
6,3.90978E-06,-2.4591E-11,5
7,3.8284E-06,-2.6796E-11,5
8,3.73279E-06,-2.5416E-11,5
9,3.69223E-06,-2.526E-11,5
10,3.75802E-06,-3.1394E-11,5
11,4.26756E-06,-1.6981E-11,5
12,4.21728E-06,-2.5674E-11,5
13,3.40228E-06,-3.9126E-11,5
14,3.59019E-06,-1.316E-11,5
15,4.03124E-06,-1.2703E-11,5
16,4.44739E-06,-1.2226E-11,5
17,4.46197E-06,-1.733E-11,5
18,4.45462E-06,-1.8927E-11,5
19,4.54958E-06,-1.9793E-11,5
20,5.02325E-06,-1.3061E-11,5
21,5.06502E-06,-2.1564E-11,5
22,5.2329E-06,-1.881E-11,5
23,5.5697E-06,-1.6088E-11,5
24,5.26447E-06,-2.8439E-11,5
25,4.85185E-06,-2.5631E-11,5
26,5.04624E-06,-1.6241E-11,5
27,5.2022E-06,-1.7518E-11,5
28,5.37388E-06,-1.7981E-11,5
29,5.45399E-06,-1.9462E-11,5
30,5.78868E-06,-1.4793E-11,5
29,4.34008E-06,-3.889E-12,5
28,3.41841E-06,-1.477E-12,5
27,2.66037E-06,-1.21E-12,5
26,2.10448E-06,-1.137E-12,5
25,1.65451E-06,-9.87E-13,5
24,1.30359E-06,4.3E-14,5
23,1.0712E-06,2.638E-12,5
22,1.001874E-06,1.2916E-11,5
21,1.011414E-06,1.6054E-11,5
20,1.021482E-06,1.784E-11,5
19,1.025705E-06,1.7096E-11,5
18,1.047622E-06,1.8924E-11,5
17,1.06664E-06,1.9681E-11,5
16,1.06818E-06,1.9165E-11,5
15,1.05485E-06,1.7511E-11,5
14,1.31056E-06,3.2956E-11,5
13,1.55692E-06,3.1371E-11,5
12,1.43294E-06,1.3946E-11,5
11,1.32301E-06,1.1084E-11,5
10,1.40139E-06,2.1529E-11,5
9,1.23343E-06,1.0155E-11,5
8,1.12549E-06,1.5241E-11,5
7,1.023078E-06,1.4907E-11,5
6,9.49123E-07,1.7574E-11,5
5,9.18342E-07,2.1393E-11,5
4,8.70514E-07,2.1332E-11,5
3,7.82574E-07,2.2125E-11,5
2,6.50272E-07,2.4728E-11,5
1,3.57585E-07,2.0763E-11,5
0,-2.5726E-11,2.1237E-11,5
0,-6.02745E-10,1.49E-13,10
1,1.23589E-05,-1.04E-12,10
2,2.47162E-05,-1.192E-12,10
3,3.66929E-05,-1.443E-12,10
4,4.81697E-05,-2.678E-12,10
5,5.81144E-05,-7.417E-12,10
6,6.39879E-05,-1.9739E-11,10
7,6.69687E-05,-2.3748E-11,10
8,7.09E-05,-1.2557E-11,10
9,7.41949E-05,-1.8431E-11,10
10,7.54943E-05,-2.1893E-11,10
11,7.59424E-05,-2.3484E-11,10
12,7.53899E-05,-2.449E-11,10
13,7.61189E-05,-2.0044E-11,10
14,7.60584E-05,-2.1683E-11,10
15,7.55764E-05,-2.2954E-11,10
16,7.50204E-05,-2.2042E-11,10
17,7.42542E-05,-2.4162E-11,10
18,7.44967E-05,-2.1361E-11,10
19,7.50169E-05,-2.0292E-11,10
20,7.48288E-05,-2.0726E-11,10
21,7.50505E-05,-1.8523E-11,10
22,7.30792E-05,-2.5752E-11,10
23,7.20467E-05,-2.2553E-11,10
24,7.2582E-05,-1.8529E-11,10
25,7.27554E-05,-1.9411E-11,10
26,7.31724E-05,-1.8155E-11,10
27,7.1422E-05,-2.7422E-11,10
28,7.18228E-05,-1.9336E-11,10
29,7.19056E-05,-2.0118E-11,10
30,7.08018E-05,-2.316E-11,10
29,6.14261E-05,-3.282E-12,10
28,5.42727E-05,-1.749E-12,10
27,4.8102E-05,-1.251E-12,10
26,4.234E-05,-1.142E-12,10
25,3.74649E-05,-2.41E-13,10
24,3.34431E-05,2.363E-12,10
23,3.11301E-05,8.94E-12,10
22,2.95191E-05,1.1009E-11,10
21,2.89766E-05,1.5625E-11,10
20,2.91936E-05,1.7665E-11,10
19,2.8797E-05,1.6889E-11,10
18,2.85071E-05,1.6697E-11,10
17,2.80218E-05,1.5569E-11,10
16,2.81423E-05,1.81E-11,10
15,2.8244E-05,1.8504E-11,10
14,2.83547E-05,2.1236E-11,10
13,2.81514E-05,1.9343E-11,10
12,2.78134E-05,1.961E-11,10
11,2.69802E-05,1.8631E-11,10
10,2.63708E-05,1.8082E-11,10
9,2.5506E-05,1.7561E-11,10
8,2.4907E-05,1.9965E-11,10
7,2.40726E-05,2.1272E-11,10
6,2.29691E-05,2.0941E-11,10
5,2.14251E-05,1.9577E-11,10
4,1.91476E-05,2.045E-11,10
3,1.64905E-05,2.3673E-11,10
2,1.24654E-05,2.1611E-11,10
1,6.87754E-06,1.8236E-11,10
0,-3.80688E-10,2.2532E-11,10
0,-1.41982E-09,4.5E-14,15
1,3.50929E-05,-1.016E-12,15
2,7.28472E-05,-1.178E-12,15
3,0.000110532,-1.348E-12,15
4,0.000146896,-4.417E-12,15
5,0.000177092,-1.5231E-11,15
6,0.000200519,-2.1716E-11,15
7,0.000219022,-2.2391E-11,15
8,0.000232709,-2.1987E-11,15
9,0.000237732,-4.4211E-11,15
10,0.00024673,-1.4559E-11,15
11,0.000255267,-1.4524E-11,15
12,0.000258597,-1.8636E-11,15
13,0.000259409,-2.7491E-11,15
14,0.000261449,-1.9909E-11,15
15,0.000265461,-1.8393E-11,15
16,0.000267573,-1.9078E-11,15
17,0.000270288,-1.9654E-11,15
18,0.00024516,-6.0774E-11,15
19,0.000250038,-5.447E-12,15
20,0.000253487,-1.5082E-11,15
21,0.000249467,-3.2034E-11,15
22,0.000252119,-1.786E-11,15
23,0.000253514,-1.9083E-11,15
24,0.000253594,-1.758E-11,15
25,0.000250531,-2.3079E-11,15
26,0.000247231,-2.4965E-11,15
27,0.000245468,-2.3698E-11,15
28,0.000246842,-2.0873E-11,15
29,0.000246763,-2.0199E-11,15
30,0.000246292,-2.2432E-11,15
29,0.000227276,-2.599E-12,15
28,0.000211668,-1.424E-12,15
27,0.000197364,-9E-15,15
26,0.00018722,4.548E-12,15
25,0.000178125,4.443E-12,15
24,0.000172036,1.0201E-11,15
23,0.000168556,1.4146E-11,15
22,0.000169051,1.8673E-11,15
21,0.000169049,1.8545E-11,15
20,0.000170075,2.0136E-11,15
19,0.000171116,2.0769E-11,15
18,0.000170874,1.7406E-11,15
17,0.000175725,2.7898E-11,15
16,0.000177374,2.5073E-11,15
15,0.000177891,2.4247E-11,15
14,0.000178817,2.5219E-11,15
13,0.000176907,2.1929E-11,15
12,0.000174975,2.4696E-11,15
11,0.000173334,2.2244E-11,15
10,0.000167023,1.8087E-11,15
9,0.000164592,2.5437E-11,15
8,0.000153718,1.6299E-11,15
7,0.000145768,2.3503E-11,15
6,0.00013055,1.2553E-11,15
5,0.000114214,1.5186E-11,15
4,9.96128E-05,2.4955E-11,15
3,7.88157E-05,1.9834E-11,15
2,5.45433E-05,1.8543E-11,15
1,2.80392E-05,2.0966E-11,15
0,-1.26231E-09,1.7534E-11,15
0,-2.1184E-09,-6.58E-13,20
1,5.90377E-05,-1.13E-12,20
2,0.000127438,-1.975E-12,20
3,0.00019381,-2.8167E-11,20
4,0.000258456,-8.978E-12,20
5,0.000316222,-1.1912E-11,20
6,0.000363764,-2.0201E-11,20
7,0.000399047,-2.382E-11,20
8,0.000428129,-2.5362E-11,20
9,0.000446707,-2.5095E-11,20
10,0.000460334,-2.6031E-11,20
11,0.000474635,-2.5081E-11,20
12,0.000477298,-3.7186E-11,20
13,0.000489325,-1.5349E-11,20
14,0.000494366,-1.796E-11,20
15,0.0004965,-1.8036E-11,20
16,0.000501371,-1.7533E-11,20
17,0.00049981,-2.1469E-11,20
18,0.000496423,-2.2586E-11,20
19,0.000485384,-4.0459E-11,20
20,0.000487262,-1.5647E-11,20
21,0.000487598,-1.9728E-11,20
22,0.000483606,-2.2323E-11,20
23,0.000478788,-2.9097E-11,20
24,0.000471899,-2.4092E-11,20
25,0.000468613,-2.3009E-11,20
26,0.000467688,-2.1404E-11,20
27,0.000463981,-2.2682E-11,20
28,0.00046442,-1.9856E-11,20
29,0.000463008,-2.1173E-11,20
30,0.000464714,-2.0169E-11,20
29,0.000438475,-2.611E-12,20
28,0.000417318,-1.422E-12,20
27,0.000396235,-1.215E-12,20
26,0.000376372,-1.75E-13,20
25,0.000362271,5.291E-12,20
24,0.000353636,1.3204E-11,20
23,0.000350511,1.7602E-11,20
22,0.000351186,2.308E-11,20
21,0.000351307,2.1002E-11,20
20,0.000348327,1.8116E-11,20
19,0.000345486,1.9302E-11,20
18,0.00034281,1.6892E-11,20
17,0.000335644,1.6001E-11,20
16,0.000327623,1.4634E-11,20
15,0.000321169,1.6738E-11,20
14,0.000322182,2.9522E-11,20
13,0.000318973,2.2274E-11,20
12,0.000312579,2.2748E-11,20
11,0.000306765,2.3837E-11,20
10,0.000296246,2.0298E-11,20
9,0.000285949,2.2965E-11,20
8,0.000272026,2.2297E-11,20
7,0.000254151,2.2054E-11,20
6,0.000231591,2.1708E-11,20
5,0.000204506,2.1621E-11,20
4,0.000171383,2.0554E-11,20
3,0.000132668,1.7973E-11,20
2,9.01559E-05,1.9917E-11,20
1,4.46615E-05,2.0266E-11,20
0,-1.88735E-09,2.0237E-11,20
